<modification>
	<id><![CDATA[Litemf]]></id>
	<version><![CDATA[1.0.0]]></version>
	<name>Litemf</name>
	<code>Litemf</code>
	<vqmver><![CDATA[2.1.6]]></vqmver>
	<author><![CDATA[Mihail Bogdanov]]></author>
	<file path="catalog/view/theme/*/template/checkout/shipping_method.tpl">
		<operation error="skip">
			<search><![CDATA[<?php echo $quote['title']; ?> - <?php echo $quote['text']; ?></label>]]></search>
			<add position="replace"><![CDATA[ <?php echo $quote['title']; ?>
				<?php if ($quote['code'] != 'litemf_delivery.litemf_delivery') { ?>
				  -
				  <?php echo $quote['text']; ?>
				<?php } ?>
			  </label>
			  <?php if ($quote['code'] == 'litemf_delivery.litemf_delivery') { ?>
			  <style>
			  @keyframes spinner {
					to {transform: rotate(360deg);}
				}

				@-webkit-keyframes spinner {
					to {-webkit-transform: rotate(360deg);}
				}

				.spinner {
					min-width: 24px;
					min-height: 24px;
				}

				.spinner:before {
					content: 'Loading…';
					position: absolute;
					top: 50%;
					left: 50%;
					width: 16px;
					height: 16px;
					margin-top: -10px;
					margin-left: -10px;
				}

				.spinner:not(:required):before {
					content: '';
					border-radius: 50%;
					border: 2px solid rgba(0, 0, 0, .3);
					border-top-color: rgba(0, 0, 0, .6);
					animation: spinner .6s linear infinite;
					-webkit-animation: spinner .6s linear infinite;
				}
			  </style>
				  <div class="row">
					  	<div class="col-md-offset-1 col-md-9">
							<p><input type="checkbox" id="check_passport" name="passport" checked>Заполнить паспортные данные заранее?</p>
					  	</div>
					  <div class="col-md-12" id="litemf_passport" style="display:none">
					  	<h4>Паспортные данные</h4>
						<div class="col-sm-6">
							<div class="form-group required">
								<label class="control-label" for="input-litemf-first_name">Имя</label>
								<input type="text" name="litemf[first_name]" id="input-litemf-first_name" pattern="[A-Za-zА-Яа-яЁё]" data-error="Имя должно быть от 1 до 32 символов!" class="form-control">
							</div>
							<div class="form-group required">
								<label class="control-label" for="input-litemf-last_name">Фамилия</label>
								<input type="text" name="litemf[last_name]" id="input-litemf-last_name" pattern="[A-Za-zА-Яа-яЁё]" data-error="Фамилия должна быть от 1 до 32 символов!"  class="form-control">
							</div>
							<div class="form-group">
								<label class="control-label" for="input-litemf-middle_name">Отчество</label>
								<input type="text" name="litemf[middle_name]" id="input-litemf-middle_name" class="form-control">
							</div>
							<div class="form-group required">
								<label class="control-label" for="input-litemf-phone">Телефон</label>
								<input type="text" name="litemf[phone]" id="input-litemf-phone" pattern="(\+?\d[- .]*){7,13}" data-error="Номер телефона должен быть от 3 до 13 символов!" class="form-control">
							</div>
							<div class="form-group required">
								<label class="control-label" for="input-litemf-region">Регион</label>
								<input type="text" name="litemf[region]" id="input-litemf-region" pattern="[ a-zA-ZА-Яа-яЁё0-9,#.-]+" data-error="Регион должен быть от 3 до 64 символов!" class="form-control">
							</div>
							<div class="form-group required">
								<label class="control-label" for="input-litemf-zip_code">Индекс</label>
								<input type="text" name="litemf[zip_code]" id="input-litemf-zip_code" pattern="[0-9]{6}"  data-error="Индекс должен быть 6 символов!" class="form-control">
							</div>
						</div>
						<div class="col-sm-6">
							<div class="form-group required">
								<label class="control-label" for="input-litemf-street">Улица</label>
								<input type="text" name="litemf[street]" id="input-litemf-street" pattern="[ a-zA-ZА-Яа-яЁё0-9,#.-]+" data-error="Улица должна быть от 3 до 64 символов!" class="form-control">
							</div>
							<div class="form-group required">
								<label class="control-label" for="input-litemf-house">Дом</label>
								<input type="text" name="litemf[house]" id="input-litemf-house" pattern="[ a-zA-ZА-Яа-яЁё0-9,#.-]+" data-error="Дом должен быть от 1 до 10 символов!" class="form-control">
							</div>
							<div class="form-group required">
								<label class="control-label" for="input-litemf-series">Серия</label>
								<input type="text" name="litemf[series]" id="input-litemf-series" pattern="[0-9]{1,6}"  data-error="Серия должна быть от 2 до 6 символов!" class="form-control">
							</div>
							<div class="form-group required">
								<label class="control-label" for="input-litemf-number">Номер</label>
								<input type="text" name="litemf[number]" id="input-litemf-number" pattern="[0-9]{1,6}" data-error="Номер должен быть от 2 до 6 символов!" class="form-control">
							</div>
							<div class="form-group required">
								<label class="control-label" for="input-litemf-issue_date">Когда выдан</label>
								<input type="text" name="litemf[issue_date]" id="input-litemf-issue_date" placeholder="22.05.2003" pattern="[0-9]{2}\.[0-9]{2}\.[0-9]{4}" data-error="Дата не верного формата!" class="form-control">
							</div>
							<div class="form-group required">
								<label class="control-label" for="input-litemf-issued_by">Кем выдан</label>
								<input type="text" name="litemf[issued_by]" id="input-litemf-issued_by" class="form-control" pattern="[ a-zA-ZА-Яа-яЁё0-9,#.-]+" data-error="Поле должно быть от 3 до 64 символов!">
							</div>
							<input type="hidden" name="litemf[delivery_method_id]">
							<input type="hidden" name="litemf[delivery_point_id]">
							<input type="hidden" name="litemf[kladr]">
						</div>
					  </div>
					  <div class="col-md-12">
							<div class="form-group col-md-5 required">
								<input type="text" name="litemf[city]" id="litemf_addresses" placeholder="Город" class="form-control">
							</div>
							<div class="col-md-offset-1 col-md-3">
								<div class="list-group" style="padding-top: 5px;">
									<h4 class="list-group-item-heading">
										<input type="radio" id="method-courier" name="method_id" data-type="courier" disabled>
										<span class="badge" id="courier-price-show">Курьером</span>
									</h4>
								</div>
							</div>
							<div class="col-md-3">
								<div class="list-group" style="padding-top: 5px;">
									<h4 class="list-group-item-heading">
										<input type="radio" id="method-terminal" name="method_id" data-type="terminal" disabled>
										<span class="badge" id="method-terminal-show">Пункт выдачи</span>
								</div>
							</div>
					  </div>
				  </div>
				  	<div class="row">
						<div class="col-md-4 list-group">
						<div id="loader" class="spinner" style="display:none"></div>
						<div id="courier-price" style="overflow-y: auto;padding-left: 30px;max-height: 400px;position: relative;display:none;"></div>
						<div id="point-select" class="scroll-container" style="overflow-y: auto;padding-left: 30px;max-height: 400px;display:none;"></div>
						</div>
						<div id="YMapsID" style="height: 400px; display:none" class="col-md-8"></div>
					</div>
					<div class="row" id="courier-field" style="display:none;">
						<div class="col-sm-6">
							<div class="form-group required">
								<label class="control-label" for="input-litemf-courier-street">Улица</label>
								<input type="text" name="courier[street]" id="input-litemf-courier-street" pattern="[ a-zA-ZА-Яа-яЁё0-9,#.-]+" class="form-control" data-error="Улица должна быть от 3 до 64 символов!">
							</div>
							<div class="form-group required">
								<label class="control-label" for="input-litemf-courier-email">E-Mail</label>
								<input type="text" name="courier[email]" id="input-litemf-courier-email" pattern="[^@]+@[^@]+\.[a-zA-Z]{2,6}" class="form-control" data-error="Е-mail адрес введён неверно!">
							</div>
						</div>
						<div class="col-sm-6">
							<div class="col-sm-6">
								<div class="form-group required">
									<label class="control-label" for="input-litemf-courier-house">Дом</label>
									<input type="text" name="courier[house]" id="input-litemf-courier-house" pattern="[ a-zA-ZА-Яа-яЁё0-9,#.-]+" class="form-control" data-error="Дом должен быть от 1 до 10 символов!">
								</div>
							</div>
							<div class="col-sm-6">
								<div class="form-group required">
									<label class="control-label" for="input-litemf-courier-number">Квартира</label>
									<input type="text" name="courier[number]" id="input-litemf-courier-number" pattern="[ a-zA-ZА-Яа-яЁё0-9,#.-]+" class="form-control" data-error="Квартира должна быть от 1 до 10 символов!">
								</div>
							</div>
							<div class="col-sm-12">
								<div class="form-group required">
									<label class="control-label" for="input-litemf-courier-phone">Телефон</label>
									<input type="text" name="courier[phone]" id="input-litemf-courier-phone" pattern="(\+?\d[- .]*){7,13}" class="form-control" data-error="Номер телефона должен быть от 3 до 13 символов!" >
								</div>
							</div>
						</div>
					</div>
			  <?php } ?>]]></add>
		</operation>
	</file>
	<file path="catalog/view/theme/*/template/checkout/checkout.tpl">
		<operation>
			<search><![CDATA[$(document).delegate('#button-shipping-method', 'click', function() {]]></search>
			<add position="after"><![CDATA[
				if ( $('#check_passport').is( ":checked" ) == false) {
					var inputs = $('input[name*="litemf"]');
					var status = true;
					$.each(inputs, function( index, value ) {
						var pattern = new RegExp(value.getAttribute( 'pattern' ));
						if (value.getAttribute( 'pattern' ) != null) {
							var result = pattern.test(value.value);
							$(value).parent().find('.text-danger').remove();
							if (!result) {
								$(value).parent().append('<div class="text-danger">' + $(value).data('error') + '</div>');
								status = false
							}
						}

					});
					if (!status) {
						return false;
					}
				}
				if ($('#method-courier').is( ":checked" )) {
					var inputCourier = $('input[name*="courier"]');
					var statusCourier = true;
					$.each(inputCourier, function( index, value ) {
						var pattern = new RegExp(value.getAttribute( 'pattern' ));
						if (value.getAttribute( 'pattern' ) != null) {
							var result = pattern.test(value.value);
							$(value).parent().find('.text-danger').remove();
							if (!result) {
								$(value).parent().append('<div class="text-danger">' + $(value).data('error') + '</div>');
								statusCourier = false
							}
						}

					});
					if (!statusCourier) {
						return false;
					}
				}
			]]></add>
		</operation>
	</file>
	<file path="catalog/controller/checkout/shipping_method.php">
		<operation>
			<search><![CDATA[$this->response->addHeader('Content-Type: application/json');]]></search>
			<add position="before"><![CDATA[
				if ($this->request->post['shipping_method'] == 'litemf_delivery.litemf_delivery' && isset($this->request->post['point'])) {
					$this->session->data['shipping_method']['cost'] = round($this->request->post['point'],2);
					$this->session->data['shipping_method']['text'] = $this->currency->format($this->request->post['point'], $this->config->get('config_currency'));
					$this->session->data['litemf'] = $this->request->post['litemf'];
				} elseif ($this->request->post['shipping_method'] == 'litemf_delivery.litemf_delivery' && !isset($this->request->post['point'])) {
					$json['error']['warning'] = $this->language->get('error_shipping');
				}
			]]></add>
		</operation>
	</file>
	<file path="catalog/controller/checkout/confirm.php">
		<operation>
			<search><![CDATA[$this->session->data['order_id'] = $this->model_checkout_order->addOrder($order_data);]]></search>
			<add position="after"><![CDATA[
				if ($this->session->data['shipping_method']['code'] == 'litemf_delivery.litemf_delivery') {
					$litemf_data = [];
					$litemf_data['order_id'] = $this->session->data['order_id'];
					$litemf_data['user_id'] = $order_data['customer_id'];
					$litemf_data['passport'] = $this->session->data['litemf'];
					$this->load->model('shipping/litemf_delivery');
					$this->model_shipping_litemf_delivery->addOrderLitemf($litemf_data);
				}
			]]></add>
		</operation>
	</file>
	<file path="catalog/view/theme/*/template/common/header.tpl">
		<operation>
			<search><![CDATA[</head>]]></search>
			<add position="before"><![CDATA[
			<link href="https://cdn.jsdelivr.net/jquery.suggestions/16.5.2/css/suggestions.css" type="text/css" rel="stylesheet" />
			<script type="text/javascript" src="https://cdn.jsdelivr.net/jquery.suggestions/16.5.2/js/jquery.suggestions.min.js"></script>
			<script src="http://api-maps.yandex.ru/2.0/?load=package.full&lang=ru-RU" type="text/javascript"></script>
			<script src="https://cdnjs.cloudflare.com/ajax/libs/jquery-scrollTo/2.1.2/jquery.scrollTo.min.js" type="text/javascript"></script>
			]]></add>
		</operation>
	</file>
	<file path="catalog/view/theme/*/template/checkout/shipping_method.tpl">
		<operation>
			<search><![CDATA[<div class="buttons">]]></search>
			<add position="after" offset="5"><![CDATA[
			<script type="text/javascript">
					var map;
                var myCollection;
                ymaps.ready(function () {
                    map = new ymaps.Map('YMapsID', {
                        center: [55.7336,37.581559],
                        zoom: 7,
                        type: 'yandex#map',
                        behaviors: ['default', 'scrollZoom']
                    });
                    //Добавляем элементы управления
                    map.controls
                    .add('zoomControl')
                    .add('typeSelector')
                    .add('mapTools');
                    myCollection = new ymaps.GeoObjectCollection();
                })

                function do_search(item){
                		var gps = item.gps.split(',')
						var placemark = new ymaps.Placemark([gps[0],gps[1]], {
							//iconContent: item.id,
							balloonContentHeader: '<div>'+item.name+'</div>'
							/*balloonContentBody: '<div style="font-size:13px;"><div><strong>Адрес:</strong> '+item.address+'<br>'
							+'<strong>Стоимость доставки:</strong> '+item.price+'<br>'
							+'<strong>Режим работы:</strong> '+item.work_schedule+'<br>'
							+'<strong>Телефон:</strong> '+item.phone+'<br>'
							+'<strong>Описание:</strong> '+item.trip_description+'<br></div></div>'*/

						}, {
							// Опции
							preset: "islands#blueCircleDotIcon",
                    		iconColor: '#1faee9',
                    		balloonCloseButton: false,
                    		hideIconOnBalloonOpen: false,
						});
						placemark.events.add('click', function(e) {
							var label = $('#pvz_label_' + item.id);
							label.prop("checked", true);
							$('#point-select').scrollTo(label.parents('.list-group-item'), 300);
						});
						myCollection.add(placemark);
                        map.geoObjects.add(myCollection);
                        map.setBounds(myCollection.getBounds());
                        //map.setZoom(11, {duration: 1000});
                        map.setZoom(12, {checkZoomRange: true});
                }


                function go_to(iwslat,iwslon,iwsadr){
                    map.setCenter([iwslon,iwslat], 12);

                    myCollection.each(function (item) {
                        if (item.properties.get('balloonContentHeader') == '<div>'+iwsadr+'</div>') {
                            item.balloon.open();
                        }
                    });
                }

                function setTown(iwslat,iwslon){
                    map.setCenter([iwslat, iwslon], 11);
                    myCollection.removeAll();
                    return false;
                }
				</script>
			<script type="text/javascript">
				  $.ajax({
					url: 'index.php?route=checkout/litemf/getDeliveryMethod',
					dataType: 'json',
					success: function (json) {
					  console.log(json)
					  $.each(json.result.data, function( index, value ) {
					  	if(value.delivery_type == 'terminal') {
					  		$('#method-terminal').val(value.id)
					  	}
					  	if(value.delivery_type == 'courier') {
					  		$('#method-courier').val(value.id)
					  	}
					  });

					},
					error: function (xhr, ajaxOptions, thrownError) {
					  alert(thrownError + "\r\n" + xhr.statusText + "\r\n" + xhr.responseText);
					}
				  });
			  $("#litemf_addresses").suggestions({
				serviceUrl: "https://suggestions.dadata.ru/suggestions/api/4_1/rs",
				token: "a5fdcbf8e1ea0b34803ee92b4f433344915cab0c",
				type: "ADDRESS",
				count: 5,
				/* Вызывается, когда пользователь выбирает одну из подсказок */
				onSelect: function(suggestion) {
				  console.log(suggestion);
				  setTown(suggestion.data.geo_lat, suggestion.data.geo_lon);
					$.ajax({
						url: 'index.php?route=checkout/litemf/getPoint&kladr=' + suggestion.data.kladr_id,
						dataType: 'json',
						beforeSend: function() {
							 $('#loader').show();
						},
						complete: function(){
							 $('#loader').hide();
						 },
						success: function (json) {
						    $('#point-select').text('');
							$.each(json, function( index, value ) {
								do_search(value);
								var gps = value.gps.split(',')
								var text = '<div class="list-group-item" style="padding-left:25px;">';
								  text += '<h4 class="list-group-item-heading"><input type="radio" name="point" value="' + value.cost + '" data-point-id="' + value.id + '" id="pvz_label_' + value.id + '" onClick="return go_to('+gps[0]+', '+gps[1]+',\''+value.name+'\');"><span class="badge">Цена: ' + value.price + '</span> ' + value.name + '</h4>';
								  text += '<span>' + value.phone + '</span>';
								  text += '<p class="list-group-item-text">' + value.address + '</p>';
								  text += '<p class="list-group-item-text">' + value.work_schedule + '</p></div>';
								$('#point-select').append(text);
								$('#method-terminal').prop('disabled', false);
								if (index == 1) {
								 	textShow = 'Пункт выдачи: ' + value.price;
									$('#method-terminal-show').text(textShow);
								}
							});
						},
						error: function (xhr, ajaxOptions, thrownError) {
						  alert(thrownError + "\r\n" + xhr.statusText + "\r\n" + xhr.responseText);
						}
					});
					$.ajax({
					  url: 'index.php?route=checkout/litemf/getCost&kladr=' + suggestion.data.kladr_id,
					  dataType: 'json',
					  success: function (json) {
					  	if(json.status == true) {
							text = '<p><input type="radio" name="point" value="' + json.cost + '" data-point-id="courier" id="point-courier">Стоимость доставки ' + json.price + '</p>';
							textShow = 'Курьером: ' + json.price;
							$('#courier-price-show').text(textShow);
							$('#courier-price').append(text);
							$('#method-courier').prop('disabled', false);
						}
					  },
					  error: function (xhr, ajaxOptions, thrownError) {
						alert(thrownError + "\r\n" + xhr.statusText + "\r\n" + xhr.responseText);
					  }
					});
				}
			  });
			  $(document).ready(function() {
				$('input[type=radio][name=method_id]').change(function() {
				$('input[type=hidden][name="litemf[delivery_method_id]"]').val($(this).val());
					if ($(this).data('type') == 'courier') {
						$('#point-select').hide();
						$('#courier').prop("checked", true);
						$('#courier-field').show();
						$('#YMapsID').hide();
					}
					else if ($(this).data('type') == 'terminal') {
						$('#courier-price').hide();
						$('#courier-field').hide();
						$('#point-select').show();
						$('#YMapsID').show();
					}
				});
				$('#point-select').on('change', 'input[type=radio][name=point]', function() {
					if ($(this).data('point-id') != 'courier') {
						$('input[type=hidden][name="litemf[delivery_point_id]"]').val($(this).data('point-id'))
					}
				});
				$('#check_passport').change(function() {
					if ( $('#check_passport').is( ":checked" ) ) {
						$('#litemf_passport').hide();
					} else {
						$('#litemf_passport').show()
					}
				});
			  });
			</script>]]></add>
		</operation>
	</file>
	<file path="catalog/view/theme/*/template/checkout/simplecheckout_shipping.tpl">
		<operation error="skip">
			<search><![CDATA[<div class="simplecheckout-warning-text"><?php echo $error_no_shipping; ?></div>]]></search>
			<add position="after" offset="5"><![CDATA[
			<div class="row">
				<div class="col-md-12">
					<h4 class="page-checkout-destination__name"> Litemf passport form </h4>
					<div class="col-sm-4">
						<div class="form-group required">
							<input type="text" name="litemf[first_name]" placeholder="First name" value="<?php if (isset($litemf)) echo $litemf['first_name']; ?>" id="input-litemf-first_name" class="form-control page-checkout-passport__input">
						</div>
						<div class="form-group required">
							<input type="text" name="litemf[last_name]" placeholder="Last name" value="<?php if (isset($litemf)) echo $litemf['last_name']; ?>" id="input-litemf-last_name" class="form-control page-checkout-passport__input">
						</div>
						<div class="form-group required">
							<input type="text" name="litemf[middle_name]" placeholder="Middle name" value="<?php if (isset($litemf)) echo $litemf['middle_name']; ?>" id="input-litemf-middle_name" class="form-control page-checkout-passport__input">
						</div>
						<div class="form-group required">
							<input type="text" name="litemf[phone]" placeholder="Phone" value="<?php if (isset($litemf)) echo $litemf['phone']; ?>" id="input-litemf-phone" class="form-control page-checkout-passport__input">
						</div>
					</div>
					<div class="col-sm-4">
						<div class="form-group">
							<input type="text" name="litemf[zip_code]" placeholder="Zip code" value="<?php if (isset($litemf)) echo $litemf['zip_code']; ?>" id="input-litemf-zip_code" class="form-control page-checkout-passport__input">
						</div>
						<div class="form-group">
							<input type="text" name="litemf[region]" placeholder="Region" value="<?php if (isset($litemf)) echo $litemf['region']; ?>" id="input-litemf-region" class="form-control page-checkout-passport__input">
						</div>
						<div class="form-group required">
							<input type="text" name="litemf[street]" placeholder="Street" value="<?php if (isset($litemf)) echo $litemf['street']; ?>" id="input-litemf-street" class="form-control page-checkout-passport__input">
						</div>
						<div class="form-group required">
							<input type="text" name="litemf[house]" placeholder="House" value="<?php if (isset($litemf)) echo $litemf['house']; ?>" id="input-litemf-house" class="form-control page-checkout-passport__input">
						</div>
					</div>
					<div class="col-sm-4">
						<div class="form-group required">
							<input type="text" name="litemf[series]" placeholder="Series" value="<?php if (isset($litemf)) echo $litemf['series']; ?>" id="input-litemf-series" class="form-control page-checkout-passport__input">
						</div>
						<div class="form-group required">
							<input type="text" name="litemf[number]" placeholder="Number" value="<?php if (isset($litemf)) echo $litemf['number']; ?>" id="input-litemf-number" class="form-control page-checkout-passport__input">
						</div>
						<div class="form-group required">
							<input type="date" name="litemf[issue_date]" placeholder="Issue date" value="<?php if (isset($litemf)) echo $litemf['issue_date']; ?>" id="input-litemf-issue_date" class="form-control page-checkout-passport__input">
						</div>
						<div class="form-group required">
							<input type="text" name="litemf[issued_by]" placeholder="Issued by" value="<?php if (isset($litemf)) echo $litemf['issued_by']; ?>" id="input-litemf-issued_by" class="form-control page-checkout-passport__input">
						</div>
						<input type="hidden" name="litemf[delivery_method_id]" value="<?php if (isset($litemf)) echo $litemf['delivery_method_id']; ?>">
						<input type="hidden" name="litemf[delivery_point_id]" value="<?php if (isset($litemf)) echo $litemf['delivery_point_id']; ?>">
						<input type="hidden" name="litemf[kladr]" value="<?php if (isset($litemf)) echo $litemf['kladr']; ?>">
					</div>
				</div>
				<div id="shopconteyner" style="width: 100%;overflow-x: auto;">
					<div id="shops" style="float: left;width: 29%;">
						<div class="col-md-12">
							<p style="">
								<label class="page-checkout-method__label">Введите город</label>
								<input type="text" name="litemf[city]" id="litemf_addresses" value="<?php if (isset($litemf)) echo $litemf['city']; ?>" class="form-control page-checkout-passport__input"/>
							</p>
							<p class="page-checkout-destination__name">Тип Доставки</p>
							<div class="col-md-6">
								<label class="page-checkout-method__label"><input  type="radio" id="method-courier" name="method_id" data-type="courier" disabled>Расчтитать курьером</label>
							</div>
							<div class="col-md-6">
								<label class="page-checkout-method__label"><input type="radio" id="method-terminal" name="method_id" data-type="terminal" disabled>Указать пункт выдачи</label>
							</div>
							<p id="courier-price" style="display:none"></p>
							<p id="point-select" style="overflow-y: auto;padding-left: 30px;max-height: 250px;position: relative; display:none"></p>
						</div>
					</div>
					<div id="YMapsID" style="margin-left: 30%;width: 70%;height: 400px;"></div>
				</div>
			</div>
			<script type="text/javascript">
				$.ajax({
					url: 'index.php?route=checkout/litemf/getDeliveryMethod',
					dataType: 'json',
					success: function (json) {
						$.each(json.result.data, function( index, value ) {
							if(value.delivery_type == 'terminal') {
								$('#method-terminal').val(value.id)
								<?php if (isset($litemf) && !empty($litemf['delivery_method_id'])){ ?>
									var deliveryMethodId = <?php echo $litemf['delivery_method_id']; ?>;
									if(deliveryMethodId == value.id) {
										$('#method-terminal').prop('checked', true);
										$('#method-terminal').trigger('change');
									}
								<?php } ?>
							}
							if(value.delivery_type == 'courier') {
								$('#method-courier').val(value.id)
								<?php if (isset($litemf) && !empty($litemf['delivery_method_id'])){ ?>
									var deliveryMethodId = <?php echo $litemf['delivery_method_id']; ?>;
									if(deliveryMethodId == value.id) {
										$('#method-courier').prop('checked', true);
										$('#method-courier').trigger('change');
									}
								<?php } ?>
							}
						});

					},
					error: function (xhr, ajaxOptions, thrownError) {
						alert(thrownError + "\r\n" + xhr.statusText + "\r\n" + xhr.responseText);
					}
				});
				$("#litemf_addresses").suggestions({
					serviceUrl: "https://suggestions.dadata.ru/suggestions/api/4_1/rs",
					token: "a5fdcbf8e1ea0b34803ee92b4f433344915cab0c",
					type: "ADDRESS",
					count: 5,
					/* Вызывается, когда пользователь выбирает одну из подсказок */
					onSelect: function(suggestion) {
						setTown(suggestion.data.geo_lat, suggestion.data.geo_lon);
						console.log(suggestion);
						$('input[type=hidden][name="litemf[kladr]"]').val(suggestion.data.kladr_id);
						$.ajax({
							url: 'index.php?route=checkout/litemf/getPoint&kladr=' + suggestion.data.kladr_id,
							dataType: 'json',
							success: function (json) {
								$('#point-select').text('');
								$.each(json, function( index, value ) {
									 do_search(value);
									 var gps = value.gps.split(',')
									 var text = '<div class="page-checkout-method__pickup-points" >';
									 text += '<label class="page-checkout-method__label bold"><input class="page-checkout-method__radio" type="radio" name="point" value="' + value.cost + '" data-point-id="' + value.id + '" id="pvz_label_' + value.id + '" onClick="return go_to('+gps[0]+', '+gps[1]+',\''+value.name+'\');">' + value.name + ' - ' + '</label>';
									 text += '<span class="page-checkout-method__label">' + value.phone + '</span>';
									 text += '<span class="page-checkout-method__price">' + value.price + '</span>'+'<br>';
									 text += '<p class="page-checkout-method__label">' + value.address + '</p></div>';
									 $('#point-select').append(text);
									 $('#method-terminal').prop('disabled', false);
								});
							},
							error: function (xhr, ajaxOptions, thrownError) {
								alert(thrownError + "\r\n" + xhr.statusText + "\r\n" + xhr.responseText);
							}
						});
						$.ajax({
							url: 'index.php?route=checkout/litemf/getCost&kladr=' + suggestion.data.kladr_id,
							dataType: 'json',
								success: function (json) {
								if(json.status == true) {
									 text = '<p class="page-checkout-method__label">Стоимость доставки </p>';
									 text += '<span class="page-checkout-method__price">' + json.price + '</span>';
									 $('#courier-price').append(text);
									 $('#method-courier').prop('disabled', false);
								}
						   },
							error: function (xhr, ajaxOptions, thrownError) {
								alert(thrownError + "\r\n" + xhr.statusText + "\r\n" + xhr.responseText);
							}
						});
					}
				});
				$(document).ready(function() {
					$('input[type=radio][name=method_id]').change(function() {
						$('input[type=hidden][name="litemf[delivery_method_id]"]').val($(this).val());
						if ($(this).data('type') == 'courier') {
							$('#point-select').hide();
							$('#courier-price').show();
						}
						else if ($(this).data('type') == 'terminal') {
							$('#courier-price').hide();
							$('#point-select').show();
						}
					});
					$('#point-select').on('change', 'input[type=radio][name=point]', function() {
						if ($(this).data('point-id') != 'courier') {
							$('input[type=hidden][name="litemf[delivery_point_id]"]').val($(this).data('point-id'))
						}
					});
					<?php if (isset($litemf) && !empty($litemf['kladr'])){ ?>
						var kladr = <?php echo $litemf['kladr']; ?>;
						<?php if (!empty($litemf['delivery_point_id'])){ ?>
							var deliveryPointId = <?php echo $litemf['delivery_point_id']; ?>;
						<?php } else { ?>;
							var deliveryPointId = '';
						<?php } ?>;
						$.ajax({
							url: 'index.php?route=checkout/litemf/getPoint&kladr=' + kladr,
							dataType: 'json',
							success: function (json) {
								$('#point-select').text('');
								$.each(json, function( index, value ) {
									do_search(value);
									var gps = value.gps.split(',')
									var checked = '';
									if (deliveryPointId == value.id) {
										checked = 'checked';
									}
									 var text = '<div class="page-checkout-method__pickup-points" >';
									 text += '<label class="page-checkout-method__label bold"><input class="page-checkout-method__radio" type="radio" name="point" value="' + value.cost + '" data-point-id="' + value.id + '" id="pvz_label_' + value.id + '" onClick="return go_to('+gps[0]+', '+gps[1]+',\''+value.name+'\');"  ' + checked + '>' + value.name + ' - ' + '</label>';
									 text += '<span class="page-checkout-method__label">' + value.phone + '</span>';
									 text += '<span class="page-checkout-method__price">' + value.price + '</span>'+'<br>';
									 text += '<p class="page-checkout-method__label">' + value.address + '</p></div>';
									 $('#point-select').append(text);
									 $('#method-terminal').prop('disabled', false);
								});
							},
							error: function (xhr, ajaxOptions, thrownError) {
								alert(thrownError + "\r\n" + xhr.statusText + "\r\n" + xhr.responseText);
							}
						});

						$.ajax({
							url: 'index.php?route=checkout/litemf/getCost&kladr=' + kladr,
							dataType: 'json',
							success: function (json) {
								if(json.status == true) {
									text = '<p><input type="radio" name="point" value="' + json.cost + '" data-point-id="courier">Стоимость доставки ' + json.price + '</p>';
									$('#courier-price').append(text);
									$('#method-courier').prop('disabled', false);
								}
							},
							error: function (xhr, ajaxOptions, thrownError) {
								alert(thrownError + "\r\n" + xhr.statusText + "\r\n" + xhr.responseText);
							}
						});
					<?php } ?>
				});
			</script>
			<script type="text/javascript">
					var map;
                var myCollection;
                ymaps.ready(function () {
                    map = new ymaps.Map('YMapsID', {
                        center: [55.7336,37.581559],
                        zoom: 7,
                        type: 'yandex#map',
                        behaviors: ['default', 'scrollZoom']
                    });
                    //Добавляем элементы управления
                    map.controls
                    .add('zoomControl')
                    .add('typeSelector')
                    .add('mapTools');
                    myCollection = new ymaps.GeoObjectCollection();
                })

                function do_search(item){
                		var gps = item.gps.split(',')
						var placemark = new ymaps.Placemark([gps[0],gps[1]], {
							iconContent: item.id,
							balloonContentHeader: '<div style="color:#ff0303;font-weight:bold">'+item.name+'</div>',
							balloonContentBody: '<div style="font-size:13px;"><div><strong>Адрес:</strong> '+item.address+'<br>'
							+'<strong>Стоимость доставки:</strong> '+item.price+'<br>'
							+'<strong>Режим работы:</strong> '+item.work_schedule+'<br>'
							+'<strong>Телефон:</strong> '+item.phone+'<br>'
							+'<strong>Описание:</strong> '+item.trip_description+'<br></div></div>'

						}, {
							// Опции
							preset: 'twirl#nightStretchyIcon' // иконка растягивается под контент
						});
						placemark.events.add('click', function(e) {
							$('#pvz_label_' + item.id).prop("checked", true);
						});
						myCollection.add(placemark);
                        map.geoObjects.add(myCollection);
                        map.setBounds(myCollection.getBounds());
                        //map.setZoom(11, {duration: 1000});
                        map.setZoom(12, {checkZoomRange: true});
                }


                function go_to(iwslat,iwslon,iwsadr){
                    map.setCenter([iwslon,iwslat], 12);

                    myCollection.each(function (item) {
                        if (item.properties.get('balloonContentHeader') == '<div style="color:#ff0303;font-weight:bold">'+iwsadr+'</div>') {
                            item.balloon.open();
                        }
                    });
                }

                function setTown(iwslat,iwslon){
                    map.setCenter([iwslat, iwslon], 11);
                    myCollection.removeAll();
                    return false;
                }
				</script>
			]]></add>
		</operation>
	</file>
	<file path="catalog/controller/checkout/simplecheckout.php">
		<operation error="skip">
			<search><![CDATA[$this->session->data['order_id'] = $order_id;]]></search>
			<add position="after"><![CDATA[
				if ($data['shipping_code'] == 'litemf_delivery.litemf_delivery') {
					$litemf_data = [];
					$litemf_data['order_id'] = $this->session->data['order_id'];
					$litemf_data['user_id'] = $data['customer_id'];
					$litemf_data['passport'] = $this->session->data['litemf'];
					$this->load->model('shipping/litemf_delivery');
					$this->model_shipping_litemf_delivery->addOrderLitemf($litemf_data);
				}
			]]></add>
		</operation>
		<operation error="skip">
			<search><![CDATA[foreach ($totals as $key => $value) {]]></search>
			<add position="after"><![CDATA[
				if ($this->session->data['shipping_method']['code'] == 'litemf_delivery.litemf_delivery' && $value['code'] == 'shipping' && isset($this->request->post['point'])) {
					$totals[$key]['value']= round($this->request->post['point'],2);
				}
				if ($this->session->data['shipping_method']['code'] == 'litemf_delivery.litemf_delivery' && $value['code'] == 'total' && isset($this->request->post['point'])) {
					$totals[$key] = $value['value'] + round($this->request->post['point'],2);
				}
			]]></add>
		</operation>
	</file>
	<file path="catalog/controller/checkout/simplecheckout_cart.php">
		<operation error="skip">
			<search><![CDATA[$sort_order[$key] = $value['sort_order'];]]></search>
			<add position="after"><![CDATA[
				if ($this->session->data['shipping_method']['code'] == 'litemf_delivery.litemf_delivery' && $value['code'] == 'shipping' && isset($this->request->post['point'])) {
                    $value['value'] = round($this->request->post['point'],2);
                    $this->session->data['litemf'] = $this->request->post['litemf'];
                }
                if ($this->session->data['shipping_method']['code'] == 'litemf_delivery.litemf_delivery' && $value['code'] == 'total' && isset($this->request->post['point'])) {
                    $value['value'] = $value['value'] + round($this->request->post['point'],2);
                }
			]]></add>
		</operation>
	</file>
	<file path="catalog/controller/checkout/simplecheckout_shipping.php">
		<operation error="skip">
			<search><![CDATA[if ($this->request->server['REQUEST_METHOD'] == 'POST' && !empty($this->request->post['shipping_method_checked'])) {]]></search>
			<add position="after"><![CDATA[
				if (isset($this->request->post['litemf'])) {
					$this->_templateData['litemf'] = $this->request->post['litemf'];
				}
			]]></add>
		</operation>
	</file>
	<file path="catalog/view/javascript/simplecheckout.js">
		<operation>
			<search><![CDATA[if (!checkIsInContainer($(this), self.selectors.paymentForm)) {]]></search>
			<add position="replace"><![CDATA[
				if (!checkIsInContainer($(this), self.selectors.paymentForm) && $(this).attr("name") != 'method_id' ) {
			]]></add>
		</operation>
	</file>
</modification>